{"cameraMode":{"drawMode":0,"name":"Shaded","section":"Shading Mode"},"sceneLighting":false,"audioPlay":false,"sceneViewState":{"m_AlwaysRefresh":false,"showFog":true,"showSkybox":false,"showFlares":true,"showImageEffects":true,"showParticleSystems":true,"showVisualEffectGraphs":true,"m_FxEnabled":true},"in2DMode":false,"pivot":{"x":-0.2713163495063782,"y":0.35958725214004519,"z":-0.1892356127500534},"rotation":{"x":-0.32907089591026308,"y":-0.006321907043457031,"z":0.0031908543314784767,"w":-0.9449790120124817},"size":0.13109229505062104,"orthographic":false}