{"cameraMode":{"drawMode":0,"name":"Shaded","section":"Shading Mode"},"sceneLighting":false,"audioPlay":false,"sceneViewState":{"m_AlwaysRefresh":false,"showFog":true,"showSkybox":false,"showFlares":true,"showImageEffects":true,"showParticleSystems":true,"showVisualEffectGraphs":true,"m_FxEnabled":true},"in2DMode":false,"pivot":{"x":-4.913724899291992,"y":-0.07414299994707108,"z":-5.680821895599365},"rotation":{"x":0.005313577596098185,"y":-0.9350268840789795,"z":0.011150967329740525,"w":0.3561202883720398},"size":4.2170538902282719,"orthographic":false}